"ID","sex","genotype","BD"
1,"female","het","2024-2-16"
2,"male","het","2024-2-16"
3,"male","het","2024-2-16"
5,"female","het","2024-3-2"
6,"female","mut","2024-2-3"
7,"male","het","2024-2-3"
8,"female","het","2024-2-3"
9,"male","WT","2024-2-3"
10,"female","het","2024-2-3"
11,"female","WT","2024-2-3"
12,"male","WT","2024-2-3"
13,"female","het","2024-4-2"
14,"female","het","2024-4-2"
15,"male","het","2024-4-2"
16,"male","het","2024-4-2"
17,"female","WT","2024-4-2"
18,"male","het","2024-4-2"
19,"male","WT","2024-4-3"
20,"male","het","2024-4-3"
21,"male","het","2024-4-3"
22,"male","het","2024-4-3"
23,"male","het","2024-4-3"
24,"female","het","2024-4-3"
28,"female","het","2024-5-7"
29,"male","WT","2024-5-7"
30,"male","het","2024-5-7"
32,"female","het","2024-6-27"
34,"female","WT","2024-6-27"
35,"female","mut","2024-6-27"
36,"male","het","2024-6-27"
38,"female","het","2024-6-19"
39,"male","het","2024-6-19"
40,"female","het","2024-6-19"
41,"male","het","2024-6-19"
43,"female","het","2024-6-28"
44,"female","WT","2024-6-28"
45,"female","het","2024-6-28"
46,"female","mut","2024-6-28"
47,"female","het","2024-6-28"
49,"male","WT","2024-6-2"
50,"male","WT","2024-6-2"
52,"female","het","2024-6-18"
53,"male","het","2024-6-18"
54,"male","het","2024-6-18"
55,"female","het","2024-8-28"
56,"female","het","2024-8-28"
57,"male","WT","2024-8-28"
59,"female","het","2024-8-16"
60,"male","het","2024-8-16"
61,"female","het","2024-8-16"
62,"male","het","2024-8-16"
63,"male","het","2024-8-16"
64,"male","WT","2024-8-16"
65,"male","WT","2024-8-20"
66,"female","het","2024-8-20"
67,"male","het","2024-8-20"
68,"male","het","2024-8-20"
69,"female","WT","2024-10-24"
70,"female","mut","2024-10-24"
71,"male","het","2024-10-24"
72,"male","mut","2024-10-24"
73,"male","het","2024-10-24"
75,"male","het","2024-10-7"
76,"female","het","2024-10-7"
77,"male","het","2024-10-7"
79,"female","het","2024-10-7"
80,"female","mut","2024-10-27"
81,"male","mut","2024-10-27"
83,"female","het","2024-10-27"
84,"male","WT","2024-11-28"
85,"male","het","2024-11-28"
86,"male","het","2024-11-28"
87,"male","het","2024-11-28"
88,"female","het","2024-11-28"
89,"female","het","2024-10-27"
90,"female","WT","2024-10-27"
91,"female","WT","2024-10-27"
93,"male","het","2024-10-27"
94,"female","het","2024-10-27"
98,"male","het","2024-12-22"
